MutantNo,[FAIL | TIME | EXC | LIVE]
134,LIVE
135,LIVE
136,LIVE
137,EXC
309,EXC
310,LIVE
311,LIVE
312,EXC
313,EXC
314,EXC
315,EXC
316,EXC
317,EXC
318,LIVE
319,EXC
320,EXC
321,EXC
322,EXC
323,FAIL
324,EXC
325,FAIL
326,EXC
327,EXC
328,FAIL
329,EXC
330,LIVE
331,EXC
332,LIVE
333,EXC
334,EXC
335,LIVE
336,EXC
337,FAIL
338,FAIL
339,EXC
340,EXC
341,LIVE
342,LIVE
343,EXC
344,EXC
345,EXC
346,EXC
347,EXC
348,EXC
349,LIVE
350,EXC
351,EXC
352,EXC
353,EXC
354,FAIL
355,EXC
356,FAIL
357,EXC
358,EXC
359,FAIL
360,EXC
361,LIVE
362,EXC
363,LIVE
364,EXC
365,EXC
366,LIVE
367,EXC
368,FAIL
369,FAIL
370,EXC
371,EXC
372,FAIL
373,FAIL
374,FAIL
375,FAIL
376,EXC
377,FAIL
378,FAIL
379,FAIL
380,FAIL
381,EXC
382,EXC
383,TIME
384,LIVE
385,EXC
386,LIVE
387,FAIL
388,EXC
389,LIVE
390,FAIL
391,EXC
399,EXC
400,EXC
401,EXC
402,EXC
403,FAIL
404,EXC
405,FAIL
406,FAIL
407,LIVE
408,FAIL
409,LIVE
410,LIVE
411,FAIL
412,LIVE
413,FAIL
414,LIVE
415,LIVE
416,EXC
417,EXC
418,FAIL
419,EXC
420,LIVE
421,FAIL
422,FAIL
423,EXC
432,EXC
433,EXC
434,EXC
435,EXC
436,FAIL
437,EXC
438,FAIL
439,FAIL
440,FAIL
441,LIVE
442,FAIL
443,LIVE
444,FAIL
445,LIVE
446,LIVE
447,FAIL
448,FAIL
449,LIVE
450,FAIL
451,FAIL
452,LIVE
453,LIVE
454,LIVE
455,LIVE
456,FAIL
457,LIVE
458,LIVE
459,LIVE
460,LIVE
461,FAIL
462,FAIL
464,FAIL
465,EXC
466,EXC
467,EXC
468,LIVE
469,EXC
470,LIVE
471,EXC
472,LIVE
473,EXC
474,EXC
481,LIVE
482,EXC
483,EXC
484,LIVE
485,LIVE
486,EXC
487,LIVE
488,LIVE
489,EXC
490,LIVE
491,EXC
492,EXC
493,LIVE
494,EXC
495,LIVE
496,FAIL
497,EXC
498,FAIL
499,EXC
500,LIVE
501,LIVE
502,EXC
503,FAIL
504,EXC
505,EXC
506,LIVE
507,EXC
508,EXC
509,EXC
510,LIVE
511,EXC
512,EXC
513,EXC
514,LIVE
515,LIVE
516,EXC
517,FAIL
518,EXC
519,LIVE
520,LIVE
521,EXC
522,FAIL
523,EXC
524,FAIL
525,EXC
526,EXC
527,EXC
528,LIVE
529,EXC
530,EXC
531,EXC
532,LIVE
533,LIVE
534,EXC
535,EXC
536,EXC
537,EXC
538,LIVE
539,EXC
540,LIVE
541,LIVE
542,LIVE
543,EXC
544,EXC
545,EXC
546,LIVE
547,LIVE
548,EXC
549,LIVE
550,LIVE
551,EXC
552,FAIL
553,EXC
554,FAIL
555,EXC
556,FAIL
557,EXC
558,EXC
559,EXC
560,EXC
561,FAIL
562,EXC
563,FAIL
564,LIVE
565,FAIL
566,EXC
567,LIVE
568,EXC
569,LIVE
570,EXC
571,EXC
572,EXC
573,LIVE
574,EXC
575,LIVE
576,LIVE
577,EXC
578,LIVE
579,EXC
580,LIVE
581,EXC
582,LIVE
583,EXC
584,FAIL
585,LIVE
586,FAIL
587,LIVE
588,FAIL
589,EXC
590,LIVE
591,LIVE
592,LIVE
593,FAIL
594,LIVE
595,EXC
596,EXC
597,FAIL
598,FAIL
599,EXC
600,LIVE
601,LIVE
602,LIVE
603,FAIL
604,LIVE
605,EXC
606,EXC
607,FAIL
608,FAIL
609,EXC
610,FAIL
611,LIVE
612,LIVE
613,EXC
614,EXC
615,EXC
616,LIVE
617,LIVE
618,EXC
619,EXC
620,LIVE
621,LIVE
622,FAIL
623,EXC
624,FAIL
625,LIVE
626,LIVE
627,EXC
628,EXC
629,EXC
630,FAIL
631,LIVE
632,EXC
633,EXC
634,FAIL
635,EXC
636,EXC
637,EXC
638,EXC
639,EXC
640,LIVE
641,FAIL
642,EXC
643,EXC
644,EXC
645,LIVE
646,FAIL
647,FAIL
648,EXC
649,LIVE
650,LIVE
651,EXC
652,FAIL
653,EXC
654,FAIL
655,LIVE
656,EXC
657,FAIL
658,LIVE
659,LIVE
660,FAIL
661,FAIL
662,FAIL
663,LIVE
664,LIVE
665,LIVE
666,LIVE
667,FAIL
668,LIVE
669,LIVE
670,FAIL
671,EXC
672,FAIL
673,LIVE
674,LIVE
675,LIVE
676,LIVE
677,FAIL
678,FAIL
679,EXC
680,FAIL
681,LIVE
682,LIVE
683,EXC
684,LIVE
685,EXC
686,FAIL
687,LIVE
688,EXC
689,EXC
690,EXC
691,FAIL
692,LIVE
693,LIVE
694,FAIL
695,LIVE
696,FAIL
697,LIVE
698,LIVE
699,FAIL
700,FAIL
701,EXC
702,TIME
703,LIVE
704,LIVE
706,LIVE
707,LIVE
708,TIME
709,LIVE
713,LIVE
714,LIVE
715,LIVE
716,LIVE
717,LIVE
718,LIVE
719,LIVE
720,LIVE
721,TIME
722,LIVE
723,EXC
724,LIVE
725,LIVE
726,LIVE
727,LIVE
728,EXC
733,LIVE
734,LIVE
735,LIVE
736,LIVE
737,EXC
742,EXC
744,LIVE
798,EXC
799,EXC
800,EXC
801,EXC
802,LIVE
803,LIVE
804,EXC
805,LIVE
806,LIVE
807,LIVE
808,LIVE
809,LIVE
810,LIVE
811,LIVE
812,LIVE
813,LIVE
814,LIVE
815,LIVE
816,LIVE
817,LIVE
818,LIVE
819,LIVE
820,LIVE
821,LIVE
822,LIVE
823,LIVE
824,LIVE
825,LIVE
826,FAIL
827,FAIL
828,FAIL
829,FAIL
830,LIVE
831,LIVE
832,FAIL
833,LIVE
834,LIVE
835,LIVE
836,LIVE
837,LIVE
838,LIVE
839,LIVE
840,LIVE
841,LIVE
842,LIVE
843,LIVE
844,LIVE
845,LIVE
846,LIVE
847,LIVE
848,LIVE
849,EXC
850,LIVE
851,EXC
852,LIVE
853,LIVE
854,EXC
855,EXC
856,LIVE
857,LIVE
863,LIVE
864,LIVE
865,LIVE
866,LIVE
868,LIVE
869,EXC
870,EXC
871,LIVE
872,LIVE
873,LIVE
874,LIVE
875,LIVE
876,LIVE
877,FAIL
878,FAIL
879,FAIL
880,LIVE
881,LIVE
882,LIVE
883,EXC
884,EXC
885,EXC
886,EXC
887,EXC
888,EXC
889,LIVE
890,LIVE
891,LIVE
892,LIVE
893,LIVE
894,LIVE
895,LIVE
896,LIVE
897,LIVE
901,EXC
906,EXC
907,EXC
914,LIVE
915,LIVE
916,FAIL
917,EXC
918,LIVE
919,LIVE
920,LIVE
926,LIVE
964,EXC
965,FAIL
966,LIVE
967,EXC
968,EXC
969,LIVE
970,EXC
971,LIVE
972,LIVE
973,LIVE
974,LIVE
975,LIVE
976,LIVE
977,LIVE
978,LIVE
979,LIVE
980,LIVE
981,LIVE
982,EXC
983,EXC
984,EXC
985,EXC
986,EXC
987,EXC
988,EXC
989,LIVE
990,LIVE
991,EXC
992,EXC
993,LIVE
994,LIVE
995,EXC
996,EXC
997,LIVE
998,LIVE
999,LIVE
1000,FAIL
1001,LIVE
1002,EXC
1003,LIVE
1004,FAIL
1005,EXC
1006,LIVE
1007,FAIL
1008,EXC
1009,LIVE
1010,LIVE
1011,LIVE
1012,LIVE
1013,FAIL
1026,EXC
1027,EXC
1028,LIVE
1072,LIVE
1073,LIVE
1074,LIVE
1075,FAIL
1076,LIVE
1078,EXC
1079,EXC
1080,LIVE
1124,EXC
1125,EXC
1126,FAIL
1127,FAIL
1128,EXC
1129,EXC
1130,FAIL
1141,LIVE
1142,LIVE
1143,LIVE
1144,FAIL
1145,LIVE
1146,FAIL
1147,LIVE
1148,EXC
1149,LIVE
1150,LIVE
1151,EXC
1152,EXC
1153,EXC
1154,LIVE
1155,EXC
1156,EXC
1157,LIVE
1161,EXC
1162,LIVE
1163,LIVE
1164,EXC
1165,LIVE
1166,LIVE
1167,EXC
1168,EXC
1169,EXC
1170,EXC
1171,LIVE
1172,LIVE
1173,FAIL
1174,EXC
1175,LIVE
1176,FAIL
1177,LIVE
1178,LIVE
1179,FAIL
1180,EXC
1181,LIVE
1182,EXC
1183,LIVE
1184,FAIL
1185,LIVE
1186,EXC
1187,FAIL
1188,LIVE
1189,EXC
1190,EXC
1191,EXC
1192,EXC
1193,EXC
1194,EXC
1195,LIVE
1196,LIVE
1197,LIVE
1198,EXC
1199,LIVE
1200,LIVE
1201,LIVE
1202,EXC
1203,EXC
1204,EXC
1205,EXC
1206,LIVE
1207,LIVE
1208,EXC
1209,EXC
1210,LIVE
1211,EXC
1212,EXC
1213,EXC
1214,LIVE
1215,LIVE
1216,LIVE
1217,FAIL
1218,EXC
1219,LIVE
1220,EXC
1221,LIVE
1222,EXC
1223,LIVE
1224,EXC
1225,EXC
1226,LIVE
1227,LIVE
1228,EXC
1229,LIVE
1230,LIVE
1231,LIVE
1232,LIVE
1233,EXC
1234,LIVE
1235,EXC
1236,EXC
1237,EXC
1238,EXC
1239,LIVE
1240,LIVE
1241,EXC
1242,EXC
1243,EXC
1244,EXC
1245,LIVE
1246,EXC
1247,EXC
1248,LIVE
1249,EXC
1250,EXC
1251,EXC
1252,LIVE
1253,EXC
1254,EXC
1255,LIVE
1256,LIVE
1257,LIVE
1258,LIVE
1259,LIVE
1260,LIVE
1261,LIVE
1262,LIVE
1263,LIVE
1264,EXC
1265,LIVE
1266,LIVE
1267,LIVE
1268,EXC
1269,LIVE
1270,FAIL
1271,FAIL
1272,LIVE
1273,LIVE
1274,FAIL
1276,LIVE
1277,EXC
1278,EXC
1279,EXC
1280,LIVE
1281,EXC
1282,EXC
1283,EXC
1284,LIVE
1285,LIVE
1286,EXC
1287,EXC
1288,EXC
1289,EXC
1290,EXC
1291,LIVE
1292,EXC
1293,EXC
1294,EXC
1295,EXC
1296,LIVE
1297,EXC
1298,LIVE
1299,LIVE
1300,LIVE
1301,LIVE
1302,LIVE
1303,EXC
1304,LIVE
1305,LIVE
1306,EXC
1307,LIVE
1308,LIVE
1309,LIVE
1310,EXC
1311,LIVE
1312,LIVE
1313,EXC
1314,LIVE
1315,EXC
1316,LIVE
1317,EXC
1318,LIVE
1319,EXC
1320,EXC
1321,LIVE
1322,TIME
1323,LIVE
1324,TIME
1325,EXC
1326,EXC
1327,EXC
1328,EXC
1329,LIVE
1330,LIVE
1331,EXC
1333,EXC
1334,EXC
1335,EXC
1336,EXC
1337,EXC
1338,LIVE
1339,LIVE
1340,EXC
1341,EXC
1342,EXC
1343,LIVE
1344,LIVE
1345,EXC
1346,EXC
1348,EXC
1349,EXC
1350,EXC
1351,LIVE
1352,LIVE
1353,EXC
1354,LIVE
1355,LIVE
1356,EXC
1357,LIVE
1358,TIME
1359,LIVE
1360,TIME
1361,LIVE
1370,EXC
1371,EXC
1372,LIVE
1373,LIVE
1374,LIVE
1375,LIVE
1376,LIVE
1377,LIVE
1378,EXC
1379,EXC
1380,EXC
1381,LIVE
1382,LIVE
1383,EXC
1384,LIVE
1385,EXC
1386,EXC
1387,LIVE
1388,LIVE
1389,EXC
1390,LIVE
1391,LIVE
1392,EXC
1393,EXC
1394,EXC
1395,EXC
1396,EXC
1397,LIVE
1398,LIVE
1399,LIVE
1400,EXC
1401,EXC
1402,LIVE
1403,LIVE
1404,EXC
1407,EXC
1408,EXC
1409,LIVE
1410,LIVE
1411,EXC
1412,LIVE
1413,LIVE
1414,LIVE
1415,LIVE
1417,EXC
1463,LIVE
1464,LIVE
1465,LIVE
1466,LIVE
1467,LIVE
1468,LIVE
1469,LIVE
1470,EXC
1473,LIVE
1474,LIVE
1475,LIVE
1476,LIVE
1477,LIVE
1478,LIVE
1479,LIVE
1480,LIVE
1481,LIVE
1482,LIVE
1483,FAIL
1484,FAIL
1485,EXC
1486,LIVE
1487,FAIL
1488,EXC
1489,TIME
1490,TIME
1491,EXC
1492,LIVE
1493,LIVE
1494,LIVE
1495,FAIL
1496,LIVE
1497,LIVE
1498,FAIL
1499,FAIL
1500,FAIL
1501,LIVE
1502,FAIL
1503,FAIL
1504,FAIL
1505,LIVE
1506,LIVE
1508,LIVE
1509,TIME
1510,LIVE
1511,LIVE
1512,EXC
1513,LIVE
1514,LIVE
1515,EXC
1516,EXC
1517,LIVE
1518,LIVE
1519,EXC
1520,EXC
1521,LIVE
1522,FAIL
1523,LIVE
1528,LIVE
1529,EXC
1530,EXC
1531,EXC
1532,LIVE
1533,LIVE
1534,EXC
1535,LIVE
1536,EXC
1537,EXC
1538,LIVE
1539,LIVE
1540,EXC
1541,EXC
1542,EXC
1543,EXC
1544,EXC
1545,EXC
1546,EXC
1547,EXC
1548,LIVE
1549,EXC
1550,EXC
1551,EXC
1552,EXC
1553,LIVE
1554,LIVE
1555,LIVE
1556,LIVE
1557,LIVE
1558,LIVE
1559,LIVE
1561,EXC
1562,EXC
1563,EXC
1564,EXC
1565,FAIL
1566,FAIL
1567,LIVE
1568,LIVE
1569,LIVE
1570,LIVE
1571,LIVE
1572,LIVE
1573,LIVE
1574,LIVE
1575,LIVE
1576,LIVE
1577,LIVE
1578,LIVE
1579,FAIL
1580,LIVE
1581,FAIL
1582,LIVE
1584,FAIL
1585,FAIL
1586,FAIL
1587,FAIL
1588,FAIL
1589,FAIL
1590,LIVE
1595,EXC
1596,LIVE
1597,EXC
1598,EXC
1599,LIVE
1600,LIVE
1633,FAIL
1634,FAIL
1635,FAIL
1636,EXC
1637,FAIL
1638,EXC
1639,EXC
1640,FAIL
1641,EXC
1642,FAIL
1643,FAIL
1644,EXC
1645,LIVE
1646,LIVE
1647,LIVE
1648,LIVE
1649,LIVE
1650,FAIL
1651,LIVE
1652,LIVE
1653,FAIL
1654,EXC
1655,LIVE
1656,EXC
1657,FAIL
1658,LIVE
1659,EXC
1660,LIVE
1661,LIVE
1662,LIVE
1663,FAIL
1664,EXC
1665,EXC
1666,EXC
1667,LIVE
1668,EXC
1669,EXC
1670,EXC
1671,LIVE
1672,LIVE
1673,FAIL
1674,EXC
1675,FAIL
1676,LIVE
1677,EXC
1678,FAIL
1679,FAIL
1680,FAIL
1702,EXC
1703,EXC
1704,EXC
1705,LIVE
1706,EXC
1707,LIVE
1708,EXC
1709,LIVE
1710,LIVE
1711,LIVE
1712,LIVE
1713,LIVE
1714,LIVE
1715,LIVE
1716,LIVE
1717,LIVE
1718,LIVE
1719,LIVE
1720,LIVE
1721,LIVE
1722,LIVE
1723,LIVE
1724,LIVE
1725,LIVE
1726,LIVE
1727,LIVE
1728,LIVE
1729,LIVE
1730,LIVE
1731,LIVE
1732,LIVE
1733,LIVE
1734,LIVE
1735,LIVE
1736,LIVE
1737,LIVE
1738,LIVE
1739,LIVE
1740,LIVE
1741,LIVE
1742,LIVE
1743,LIVE
1744,LIVE
1745,LIVE
1746,LIVE
1747,LIVE
1748,LIVE
1749,LIVE
1750,LIVE
1751,LIVE
1752,LIVE
1753,LIVE
1754,LIVE
1755,LIVE
1756,LIVE
1757,LIVE
1758,LIVE
1759,LIVE
1760,LIVE
1761,LIVE
1762,LIVE
1763,LIVE
1764,LIVE
1765,LIVE
1766,LIVE
1767,LIVE
1768,LIVE
1769,LIVE
1770,LIVE
1771,LIVE
1772,LIVE
1773,LIVE
1774,LIVE
1775,LIVE
1776,LIVE
1777,LIVE
1778,LIVE
1813,LIVE
6694,EXC
6695,FAIL
6696,EXC
6697,FAIL
6701,EXC
6705,EXC
6706,EXC
6707,LIVE
6709,EXC
6710,EXC
6711,FAIL
6712,EXC
6713,EXC
6714,EXC
6715,LIVE
6716,EXC
6717,LIVE
6719,EXC
6720,EXC
6721,EXC
6722,FAIL
6723,EXC
6724,FAIL
6725,EXC
6726,EXC
6727,EXC
6728,LIVE
6729,EXC
6730,LIVE
6731,FAIL
6732,EXC
6733,LIVE
6734,EXC
6735,EXC
6736,EXC
6737,EXC
6738,EXC
6739,LIVE
6740,FAIL
6741,LIVE
6742,FAIL
6743,LIVE
6744,LIVE
6745,LIVE
6746,FAIL
6747,LIVE
6748,LIVE
6749,LIVE
6750,FAIL
6751,LIVE
6752,FAIL
6753,EXC
6754,EXC
6755,EXC
6756,EXC
6757,FAIL
6758,EXC
6759,FAIL
6760,LIVE
6761,LIVE
6762,LIVE
6774,EXC
6775,FAIL
6776,FAIL
6777,EXC
6778,EXC
6779,FAIL
6780,EXC
6781,FAIL
6782,LIVE
6783,FAIL
6784,EXC
6785,FAIL
6786,LIVE
6787,LIVE
6788,LIVE
6789,LIVE
6790,LIVE
6792,FAIL
6793,LIVE
6795,LIVE
6796,LIVE
6797,LIVE
6798,LIVE
6810,FAIL
6811,LIVE
6812,FAIL
6813,LIVE
6814,LIVE
6815,LIVE
6816,FAIL
6817,LIVE
6818,LIVE
6819,FAIL
6820,LIVE
6821,LIVE
6822,LIVE
6823,LIVE
6824,LIVE
6825,LIVE
6826,LIVE
6827,LIVE
6828,LIVE
6852,EXC
6853,LIVE
6854,LIVE
6857,LIVE
6858,LIVE
6859,LIVE
6860,LIVE
6861,LIVE
6862,FAIL
6863,EXC
6864,EXC
6865,LIVE
6866,LIVE
6867,FAIL
6868,LIVE
6869,LIVE
6870,FAIL
6871,FAIL
6872,LIVE
6873,LIVE
6874,FAIL
6875,LIVE
6876,FAIL
6877,LIVE
6878,LIVE
6879,LIVE
6880,EXC
6881,FAIL
6882,FAIL
6883,LIVE
6884,LIVE
6885,FAIL
6886,LIVE
6887,FAIL
6888,LIVE
6889,LIVE
6890,LIVE
6891,EXC
6892,FAIL
6893,FAIL
6894,LIVE
6895,LIVE
6896,FAIL
6897,LIVE
6898,FAIL
6899,LIVE
6900,LIVE
6901,FAIL
6902,FAIL
6903,LIVE
6904,EXC
6905,EXC
6906,EXC
6907,LIVE
6908,LIVE
6909,LIVE
6910,FAIL
6911,EXC
6912,EXC
6913,EXC
6914,LIVE
6915,LIVE
6916,FAIL
6917,LIVE
6918,FAIL
6919,LIVE
6920,LIVE
6921,LIVE
6922,EXC
6923,EXC
6924,EXC
6925,LIVE
6926,LIVE
6927,LIVE
6928,FAIL
6929,EXC
6930,EXC
6931,EXC
6932,LIVE
6933,LIVE
6934,FAIL
6935,LIVE
6936,FAIL
6937,LIVE
6938,LIVE
6939,LIVE
6940,FAIL
6941,LIVE
6942,LIVE
6943,FAIL
6944,FAIL
6947,FAIL
6948,EXC
6949,EXC
6950,LIVE
6951,LIVE
6952,FAIL
6953,LIVE
6954,LIVE
6955,FAIL
6956,FAIL
6957,LIVE
6958,LIVE
6959,FAIL
6960,LIVE
6961,FAIL
6962,LIVE
6963,LIVE
6964,FAIL
6965,EXC
6966,FAIL
6967,FAIL
6968,LIVE
6969,LIVE
6970,FAIL
6971,LIVE
6972,FAIL
6973,LIVE
6974,LIVE
6975,FAIL
6976,EXC
6977,EXC
6978,EXC
6979,FAIL
6980,EXC
6981,FAIL
6982,LIVE
6983,FAIL
6984,FAIL
7005,LIVE
7006,EXC
7007,EXC
7008,LIVE
7009,LIVE
7010,LIVE
7011,LIVE
7012,LIVE
7013,LIVE
7014,LIVE
7015,LIVE
7016,LIVE
7017,LIVE
7018,LIVE
7019,LIVE
7020,LIVE
7021,LIVE
7022,LIVE
7023,EXC
7024,LIVE
7025,LIVE
7026,LIVE
7027,LIVE
7028,LIVE
7029,LIVE
7030,LIVE
7031,LIVE
7032,LIVE
7033,LIVE
7034,EXC
7035,EXC
7036,EXC
7037,LIVE
7038,EXC
7039,LIVE
7040,LIVE
7063,LIVE
7064,EXC
7096,FAIL
7097,EXC
7098,EXC
7099,FAIL
7100,FAIL
7101,LIVE
7102,LIVE
7103,FAIL
7104,LIVE
7105,EXC
7106,LIVE
7107,EXC
7108,LIVE
7109,FAIL
7110,LIVE
7111,LIVE
7112,FAIL
7113,LIVE
7114,EXC
7130,LIVE
7131,LIVE
7132,EXC
7133,LIVE
7134,LIVE
7135,LIVE
7136,LIVE
7137,LIVE
7138,LIVE
7139,EXC
7140,LIVE
7141,LIVE
7142,LIVE
7143,LIVE
7144,LIVE
7145,EXC
7146,LIVE
7147,LIVE
7148,LIVE
7149,LIVE
7150,LIVE
7151,LIVE
7152,LIVE
7153,LIVE
7154,LIVE
7155,LIVE
7156,EXC
7157,LIVE
7158,EXC
7159,EXC
7160,EXC
7161,LIVE
7162,EXC
7163,LIVE
7164,EXC
7165,LIVE
7166,LIVE
7167,LIVE
7168,LIVE
7171,LIVE
7172,LIVE
7173,LIVE
7174,LIVE
7175,EXC
7176,EXC
7177,LIVE
7178,LIVE
7179,LIVE
7180,LIVE
7181,LIVE
7182,LIVE
7183,LIVE
7184,LIVE
7185,LIVE
7186,LIVE
7187,LIVE
7188,LIVE
7189,LIVE
7190,LIVE
7191,LIVE
7192,EXC
7193,LIVE
7194,LIVE
7195,LIVE
7196,LIVE
7197,LIVE
7198,LIVE
7199,LIVE
7200,LIVE
7201,LIVE
7202,LIVE
7203,EXC
7204,EXC
7205,EXC
7206,LIVE
7207,EXC
7208,LIVE
7209,EXC
7210,LIVE
7211,LIVE
7212,LIVE
7234,LIVE
7235,EXC
7288,LIVE
7289,EXC
7290,EXC
7291,LIVE
7292,LIVE
7293,LIVE
7294,LIVE
7295,LIVE
7296,LIVE
7297,LIVE
7298,LIVE
7299,LIVE
7300,LIVE
7301,LIVE
7302,LIVE
7303,LIVE
7304,LIVE
7305,LIVE
7306,EXC
7307,LIVE
7308,LIVE
7309,LIVE
7310,LIVE
7311,LIVE
7312,LIVE
7313,LIVE
7314,LIVE
7315,LIVE
7316,LIVE
7317,EXC
7318,EXC
7319,EXC
7320,LIVE
7321,EXC
7322,LIVE
7323,LIVE
7324,LIVE
7342,LIVE
7343,EXC
7368,LIVE
7369,EXC
7383,FAIL
7384,LIVE
7385,FAIL
7459,EXC
7490,LIVE
7491,LIVE
7492,LIVE
7587,LIVE
7594,EXC
7595,EXC
7596,EXC
7597,EXC
7598,FAIL
7599,EXC
7600,FAIL
7601,EXC
7602,EXC
7603,EXC
7604,EXC
7605,EXC
7606,EXC
7607,LIVE
7608,EXC
7609,LIVE
7610,EXC
7611,EXC
7612,EXC
7613,EXC
7614,EXC
7615,EXC
7616,EXC
7617,EXC
7618,EXC
7619,EXC
7620,EXC
7621,EXC
7622,EXC
7623,EXC
7624,EXC
7625,LIVE
7626,EXC
7627,EXC
7628,EXC
7629,LIVE
7630,LIVE
7744,LIVE
7745,LIVE
7746,LIVE
7747,EXC
7748,EXC
7749,EXC
7750,EXC
7751,EXC
7761,FAIL
7762,FAIL
7763,EXC
7764,EXC
7765,EXC
7766,LIVE
7767,EXC
7768,LIVE
7769,FAIL
7770,FAIL
7771,EXC
7772,FAIL
7773,FAIL
7774,EXC
7775,FAIL
7776,FAIL
7777,FAIL
7778,FAIL
7779,FAIL
7780,FAIL
7781,FAIL
7782,FAIL
7783,LIVE
7784,EXC
7785,FAIL
7786,FAIL
7787,FAIL
7788,FAIL
7789,FAIL
7790,EXC
7791,FAIL
7792,FAIL
7793,FAIL
7794,FAIL
7795,FAIL
7796,FAIL
7797,LIVE
7798,FAIL
7799,EXC
7800,FAIL
7801,FAIL
7802,FAIL
7803,FAIL
7804,FAIL
7805,FAIL
7806,FAIL
7807,FAIL
7808,LIVE
7809,LIVE
7810,LIVE
7811,EXC
7812,EXC
7813,EXC
7814,LIVE
7815,LIVE
7816,EXC
7817,EXC
7818,EXC
7819,LIVE
7820,LIVE
7821,LIVE
7822,LIVE
7823,LIVE
7824,EXC
7825,LIVE
7826,LIVE
7827,LIVE
7828,EXC
7829,LIVE
7830,LIVE
7831,EXC
7832,LIVE
7833,LIVE
7834,LIVE
7835,EXC
7836,LIVE
7837,EXC
7841,FAIL
7842,FAIL
7843,FAIL
7844,FAIL
7845,FAIL
7846,FAIL
7847,FAIL
7848,FAIL
7849,FAIL
7850,FAIL
7851,FAIL
7852,FAIL
7853,FAIL
7854,FAIL
7855,LIVE
7856,EXC
7858,EXC
7859,EXC
7860,EXC
7861,EXC
7862,EXC
7863,LIVE
7864,LIVE
7867,EXC
7868,EXC
7869,EXC
7870,LIVE
7871,LIVE
7874,EXC
7877,LIVE
7878,LIVE
7879,EXC
7880,EXC
7881,EXC
7882,EXC
7883,LIVE
7884,LIVE
7885,LIVE
7886,LIVE
7887,LIVE
7888,EXC
7889,EXC
7890,EXC
7891,LIVE
7892,FAIL
7893,EXC
7894,EXC
7895,EXC
7896,EXC
7897,FAIL
7898,EXC
7899,EXC
7900,EXC
7901,EXC
7902,EXC
7903,EXC
7904,EXC
7905,EXC
7906,EXC
7907,EXC
7908,EXC
7909,EXC
7910,FAIL
7911,FAIL
7912,EXC
7913,EXC
7914,FAIL
7915,LIVE
7916,LIVE
7917,EXC
7918,EXC
7919,EXC
7920,EXC
7921,EXC
7922,EXC
7923,EXC
7924,EXC
7925,EXC
7926,EXC
7927,EXC
7928,EXC
7929,EXC
7930,EXC
7931,LIVE
7932,LIVE
7933,LIVE
7934,LIVE
7935,LIVE
7936,LIVE
7937,LIVE
7938,FAIL
7939,EXC
7940,LIVE
7941,EXC
7942,EXC
7943,EXC
7944,EXC
7945,EXC
7946,EXC
7947,LIVE
7948,LIVE
7949,EXC
7950,EXC
7951,EXC
7952,EXC
7953,EXC
7954,EXC
7955,EXC
7956,EXC
7957,EXC
7958,EXC
7959,EXC
7960,EXC
7961,EXC
7962,EXC
7963,EXC
7964,EXC
7965,EXC
7966,EXC
7967,EXC
7968,EXC
7969,LIVE
7970,EXC
7971,EXC
7972,EXC
7973,EXC
7974,EXC
7975,EXC
7976,EXC
7977,EXC
7978,EXC
7979,EXC
7980,EXC
7981,EXC
7982,FAIL
7983,LIVE
7984,LIVE
7985,EXC
7986,LIVE
7987,LIVE
7988,EXC
7989,EXC
7990,LIVE
7991,EXC
7992,EXC
7993,EXC
7994,LIVE
7995,EXC
7996,EXC
7997,EXC
7998,EXC
7999,EXC
8000,EXC
8001,EXC
8002,EXC
8003,EXC
8004,EXC
8005,LIVE
8006,LIVE
8007,EXC
8008,EXC
8009,EXC
8010,EXC
8011,EXC
8012,EXC
8013,EXC
8014,FAIL
8015,LIVE
8016,LIVE
8017,EXC
8018,EXC
8019,FAIL
8020,FAIL
8021,EXC
8022,EXC
8023,FAIL
8024,FAIL
8025,TIME
8026,LIVE
8027,TIME
8028,EXC
8029,LIVE
8030,TIME
8031,TIME
8032,EXC
8033,LIVE
8034,LIVE
8035,EXC
8036,LIVE
8037,LIVE
8038,LIVE
8039,EXC
8040,LIVE
8042,FAIL
8043,EXC
8044,FAIL
8045,EXC
8046,EXC
8047,FAIL
8048,EXC
8049,LIVE
8050,EXC
8051,LIVE
8052,LIVE
8053,EXC
8054,LIVE
8055,LIVE
8056,EXC
8057,EXC
8059,LIVE
8060,LIVE
8061,LIVE
8062,TIME
8063,FAIL
8064,FAIL
8065,FAIL
8066,EXC
8068,FAIL
8069,EXC
8070,LIVE
8071,LIVE
8072,EXC
8073,EXC
8074,EXC
8075,EXC
8076,EXC
8077,EXC
8078,EXC
8079,EXC
8080,EXC
8081,EXC
8082,EXC
8083,EXC
8084,EXC
8085,EXC
8086,EXC
8087,EXC
8088,EXC
8089,EXC
8090,EXC
8091,EXC
8092,EXC
8093,EXC
8094,FAIL
8095,EXC
8096,FAIL
8097,FAIL
8098,EXC
8099,FAIL
8100,EXC
8101,FAIL
8102,FAIL
8103,EXC
8104,LIVE
8105,FAIL
8106,FAIL
8107,EXC
8108,LIVE
8109,EXC
8110,LIVE
8111,LIVE
8112,EXC
8113,LIVE
8114,LIVE
8115,LIVE
8116,EXC
8120,LIVE
8121,LIVE
8122,FAIL
8123,LIVE
8124,LIVE
8125,LIVE
8126,FAIL
8127,LIVE
8128,FAIL
8129,EXC
8130,LIVE
8131,EXC
8132,FAIL
8207,EXC
8208,EXC
8209,TIME
8221,EXC
8222,EXC
8223,EXC
8224,EXC
8225,LIVE
8226,TIME
8227,TIME
8228,TIME
8229,LIVE
8231,EXC
8232,TIME
8233,TIME
8234,LIVE
8235,LIVE
8236,LIVE
8237,TIME
8242,TIME
8243,LIVE
8244,LIVE
8245,TIME
8247,EXC
8248,EXC
8249,LIVE
8250,LIVE
8251,LIVE
8252,EXC
8253,EXC
8254,EXC
8255,EXC
8256,LIVE
8257,EXC
8258,TIME
8259,LIVE
8260,LIVE
8261,LIVE
8262,TIME
8263,TIME
8264,TIME
8265,TIME
8266,TIME
8267,TIME
8268,LIVE
8269,TIME
8270,TIME
8271,TIME
8272,EXC
8273,EXC
8274,LIVE
8275,EXC
8276,FAIL
8277,EXC
8278,EXC
8279,FAIL
8284,TIME
8285,TIME
8286,LIVE
8287,FAIL
8288,FAIL
8289,LIVE
8290,FAIL
8291,FAIL
8292,EXC
8293,EXC
8294,FAIL
8295,EXC
8296,EXC
8297,EXC
8298,EXC
8299,EXC
8300,FAIL
8301,LIVE
8302,LIVE
8303,LIVE
8304,LIVE
8305,EXC
8306,EXC
8307,LIVE
8308,LIVE
8309,LIVE
8310,LIVE
8311,LIVE
8312,EXC
8313,EXC
8314,LIVE
8315,FAIL
8316,EXC
8317,LIVE
8318,FAIL
8319,EXC
8320,LIVE
8321,LIVE
8322,FAIL
8323,FAIL
8324,LIVE
8325,FAIL
8326,LIVE
8327,LIVE
8328,EXC
8329,FAIL
8330,EXC
8331,EXC
8332,LIVE
8333,FAIL
8334,EXC
8335,EXC
8336,FAIL
8337,FAIL
8338,EXC
8339,LIVE
8340,FAIL
8341,EXC
8342,EXC
8343,EXC
8344,FAIL
8345,LIVE
8346,FAIL
8347,FAIL
8348,LIVE
8352,FAIL
8353,LIVE
8354,LIVE
8355,FAIL
8356,LIVE
8358,FAIL
8359,LIVE
8360,LIVE
8361,FAIL
8362,LIVE
8364,EXC
8365,EXC
8366,EXC
8367,EXC
8368,EXC
8369,EXC
8370,EXC
8371,LIVE
8372,FAIL
8373,EXC
8374,EXC
8375,LIVE
8376,LIVE
8377,EXC
8378,LIVE
8380,EXC
8381,EXC
8382,EXC
8383,FAIL
8384,FAIL
8385,EXC
8386,EXC
8387,LIVE
8388,LIVE
8389,LIVE
8390,LIVE
8391,LIVE
8392,EXC
8393,EXC
8394,LIVE
8395,EXC
8396,FAIL
8397,EXC
8398,EXC
8399,EXC
8400,FAIL
8401,LIVE
8402,EXC
8403,FAIL
8404,EXC
8405,LIVE
8406,LIVE
8407,EXC
8408,EXC
8409,LIVE
8410,LIVE
8411,EXC
8412,EXC
8413,LIVE
8414,EXC
8415,EXC
8416,EXC
8417,EXC
8418,EXC
8419,LIVE
8420,LIVE
8421,LIVE
8422,EXC
8423,LIVE
8424,LIVE
8425,LIVE
8426,LIVE
8427,LIVE
8437,LIVE
8438,LIVE
8439,LIVE
8440,LIVE
8441,EXC
8448,EXC
8449,EXC
8454,EXC
8455,EXC
8456,LIVE
8457,LIVE
8458,LIVE
8459,LIVE
8460,EXC
8461,EXC
8463,TIME
8464,EXC
8469,EXC
8470,EXC
8471,EXC
8472,EXC
8475,LIVE
13960,FAIL
13961,FAIL
13962,FAIL
13963,LIVE
13964,EXC
13965,EXC
13966,FAIL
13969,LIVE
13970,EXC
13971,EXC
13972,EXC
13973,FAIL
13974,LIVE
13975,EXC
13976,FAIL
13977,FAIL
13978,FAIL
13979,FAIL
13980,FAIL
13981,FAIL
13982,FAIL
13983,FAIL
13984,FAIL
13985,EXC
13986,EXC
13987,LIVE
13988,LIVE
13989,FAIL
13990,FAIL
13991,EXC
13992,EXC
13993,LIVE
13994,FAIL
13995,LIVE
13996,LIVE
13997,FAIL
13998,LIVE
13999,LIVE
14000,LIVE
14001,LIVE
14002,FAIL
14004,FAIL
14005,FAIL
14006,FAIL
14007,EXC
14008,FAIL
14009,FAIL
14010,FAIL
14011,FAIL
14012,FAIL
14013,FAIL
14014,EXC
14015,EXC
14016,LIVE
14017,EXC
14019,EXC
14020,FAIL
14021,EXC
14022,LIVE
14023,LIVE
14024,EXC
14025,EXC
14026,FAIL
14027,FAIL
14028,FAIL
14029,FAIL
14030,FAIL
14031,EXC
14032,LIVE
14033,LIVE
14034,LIVE
14035,LIVE
14036,LIVE
14037,LIVE
14040,EXC
14041,FAIL
14042,FAIL
14043,FAIL
14044,EXC
14045,FAIL
14046,FAIL
14047,FAIL
14048,FAIL
14049,EXC
14050,EXC
14051,FAIL
14052,FAIL
14053,FAIL
14054,EXC
14055,FAIL
14056,FAIL
14057,FAIL
14058,FAIL
14059,EXC
14060,EXC
14061,LIVE
14062,EXC
14063,FAIL
14064,EXC
14065,FAIL
14066,LIVE
14067,FAIL
14071,FAIL
14072,EXC
14073,FAIL
14074,FAIL
14075,EXC
14076,FAIL
14077,FAIL
14078,EXC
14079,EXC
14080,EXC
14081,EXC
14082,FAIL
14083,EXC
14084,FAIL
14085,FAIL
14086,EXC
14087,FAIL
14088,LIVE
14089,LIVE
14090,FAIL
14094,FAIL
14095,EXC
14096,FAIL
14097,FAIL
14098,LIVE
14099,FAIL
14103,FAIL
14104,EXC
14105,EXC
14106,EXC
14107,FAIL
14108,FAIL
14109,LIVE
14110,FAIL
14114,FAIL
14115,EXC
14116,EXC
14117,EXC
14118,EXC
14119,FAIL
14120,EXC
14121,EXC
14122,EXC
14123,EXC
14124,FAIL
14125,FAIL
14126,FAIL
14127,FAIL
14128,LIVE
14129,LIVE
14130,FAIL
14131,LIVE
14134,EXC
14135,EXC
14136,FAIL
14139,LIVE
14140,EXC
14141,LIVE
14142,FAIL
14143,EXC
14144,EXC
14147,EXC
14148,EXC
14149,EXC
14150,EXC
14151,EXC
14152,EXC
14153,EXC
14154,LIVE
14155,LIVE
14156,LIVE
14157,LIVE
14158,EXC
14159,EXC
14160,LIVE
14161,EXC
14162,LIVE
14163,LIVE
14164,EXC
14165,EXC
14166,LIVE
14167,EXC
14168,FAIL
14169,TIME
14170,TIME
14171,EXC
14172,EXC
14173,LIVE
14174,LIVE
14175,EXC
14176,EXC
14177,EXC
14178,FAIL
14179,EXC
14180,FAIL
14181,FAIL
14182,EXC
14183,FAIL
14184,FAIL
14185,EXC
14186,EXC
14187,EXC
14188,EXC
14189,EXC
14190,EXC
14191,EXC
14192,EXC
14193,EXC
14194,EXC
14195,EXC
14196,EXC
14197,EXC
14198,FAIL
14199,FAIL
14200,EXC
14201,EXC
14202,EXC
14203,EXC
14204,LIVE
14205,EXC
14206,LIVE
14207,FAIL
14208,LIVE
14209,EXC
14213,EXC
14214,EXC
14215,FAIL
14216,EXC
14217,EXC
14218,EXC
14219,LIVE
14220,FAIL
14222,FAIL
14223,EXC
14224,LIVE
14225,FAIL
14226,EXC
14227,EXC
14228,EXC
14229,EXC
14230,EXC
14231,FAIL
14232,EXC
14233,FAIL
14234,EXC
14235,FAIL
14236,FAIL
14237,EXC
14238,LIVE
14239,LIVE
14240,LIVE
14252,EXC
14253,EXC
14254,EXC
14255,FAIL
14256,EXC
14257,FAIL
14258,EXC
14259,EXC
14260,EXC
14261,EXC
14262,EXC
14263,EXC
14264,EXC
14265,LIVE
14266,EXC
14267,FAIL
14268,EXC
14269,EXC
14270,LIVE
14271,LIVE
14272,LIVE
14273,LIVE
14274,LIVE
14275,EXC
14276,EXC
14277,EXC
14278,EXC
14279,FAIL
14280,FAIL
14281,FAIL
14282,LIVE
14283,EXC
14284,EXC
14285,LIVE
14286,LIVE
14287,LIVE
14288,LIVE
14289,LIVE
14290,EXC
14291,EXC
14292,EXC
14293,EXC
14294,LIVE
14295,FAIL
14297,FAIL
14298,EXC
14299,FAIL
14300,FAIL
14301,FAIL
14302,EXC
14303,EXC
14304,FAIL
14305,LIVE
14306,FAIL
14307,EXC
14308,EXC
14309,FAIL
14310,FAIL
14311,FAIL
14312,EXC
14320,EXC
14321,EXC
14322,FAIL
14323,LIVE
14324,LIVE
14325,LIVE
14326,LIVE
14345,LIVE
14346,FAIL
14347,LIVE
14348,LIVE
14349,LIVE
14350,FAIL
14351,LIVE
14352,FAIL
14353,LIVE
14354,LIVE
14355,EXC
14378,EXC
14379,FAIL
14380,FAIL
14381,FAIL
14382,FAIL
14383,FAIL
14384,FAIL
14385,EXC
14386,EXC
14387,FAIL
14388,LIVE
14391,EXC
14392,EXC
14393,LIVE
14394,LIVE
14395,EXC
14396,FAIL
14397,EXC
14398,LIVE
14399,FAIL
14400,EXC
14401,LIVE
14402,EXC
14403,FAIL
14404,LIVE
14405,FAIL
14406,EXC
14407,LIVE
14408,FAIL
14409,EXC
14410,EXC
14411,EXC
14412,FAIL
14413,FAIL
14414,LIVE
14415,EXC
14416,EXC
14417,LIVE
14418,LIVE
14419,LIVE
14420,EXC
14421,LIVE
14422,EXC
14423,LIVE
14424,EXC
14425,LIVE
14426,EXC
14427,LIVE
14428,LIVE
14429,EXC
14430,LIVE
14431,EXC
14432,EXC
14433,EXC
14434,EXC
14435,LIVE
14436,EXC
14437,EXC
14438,EXC
14439,LIVE
14440,EXC
14441,EXC
14442,EXC
14872,LIVE
14873,FAIL
14874,EXC
14875,LIVE
14876,EXC
14877,FAIL
14878,LIVE
14879,LIVE
14894,FAIL
14895,LIVE
14896,LIVE
14898,EXC
